iPhone 7,
iPhone 7 Plus,
iPhone 5s,
iPhone 6,
iPhone 6s,
iPhone 5,
iPhone 6 Plus,
iPhone SE,
iPhone 4s,
iPhone 6s Plus,
iPhone 4,
iPhone 5c,
iPad Air 2,
iPad mini 2,
iPad mini 4,
iPhone 3GS,
iPad Air,
iPad Pro 9.7 ,
iPad Pro,
iPad mini Wi-Fi,
iPhone,
iPad mini 3,
iPad 3 Wi-Fi,
iPhone 3G,
iPad 2 Wi-Fi,
iPad 4 Wi-Fi,
iPhone 4 CDMA,
iPad Wi-Fi,
iPad 2 CDMA,
Lumia 535,
Lumia 650,
Lumia 950,
Lumia 640 XL,
Lumia 540 Dual SIM,
Lumia 950 XL,
Lumia 550,
Lumia 640 LTE,
Lumia 535 Dual SIM,
Lumia 430 Dual SIM,
Lumia 950 XL Dual SIM,
Lumia 640 XL Dual SIM,
Lumia 1030,
Lumia 532,
Lumia 435,
Lumia 640 XL LTE Dual SIM,
Lumia 640 Dual SIM,
Lumia 950 Dual SIM,
Lumia 640 XL LTE,
Surface,
Surface 2,
Lumia 435 Dual SIM,
Lumia 850,
Lumia 532 Dual SIM,
Lumia 1330,
Nikon D1,
Nikon D1H,
Nikon D1X,
Nikon D2H,
Nikon D2Hs,
Nikon D2X,
Nikon D2Xs,
Nikon D3,
Nikon D3S,
Nikon D3X,
Nikon D4,
Nikon D4S,
Nikon D5,
Nikon D40,
Nikon D40x,
Nikon D50,
Nikon D60,
Nikon D70,
Nikon D70s,
Nikon D80,
Nikon D90,
Nikon D100,
Nikon D200,
Nikon D300,
Nikon D300S,
Nikon D500,
Nikon D600,
Nikon D610,
Nikon D700,
Nikon D750,
Nikon D800,
Nikon D800E,
Nikon D810,
Nikon D810A,
Nikon D3000,
Nikon D3100,
Nikon D3200,
Nikon D3300,
Nikon D3400,
Nikon D5000,
Nikon D5100,
Nikon D5200,
Nikon D5300,
Nikon D5500,
Nikon D5600,
Nikon D7000,
Nikon D7100,
Nikon D7200,
Nikon Df,
Nikon E2,
Nikon E2N,
Nikon E2NS,
Nikon E2S,
Nikon E3,
Nikon E3S,
Nikon NASA F4,
Canon EOS-1D,
Canon EOS-1D C,
Canon EOS-1D Mark II,
Canon EOS-1D Mark III,
Canon EOS-1D Mark IV,
Canon EOS-1D X,
Canon EOS-1D X Mark II,
Canon EOS-1Ds,
Canon EOS-1Ds Mark II,
Canon EOS-1Ds Mark III,
Canon EOS 5D,
Canon EOS 5D Mark II,
Canon EOS 5D Mark III,
Canon EOS 5D Mark IV,
Canon EOS 5DS,
Canon EOS 6D,
Canon EOS 7D,
Canon EOS 7D Mark II,
Canon EOS 10D,
Canon EOS 20D,
Canon EOS 20Da,
Canon EOS 30D,
Canon EOS 40D,
Canon EOS 50D,
Canon EOS 60D,
Canon EOS 60Da,
Canon EOS 70D,
Canon EOS 80D,
Canon EOS 100D,
Canon EOS 300D,
Canon EOS 350D,
Canon EOS 400D,
Canon EOS 450D,
Canon EOS 500D,
Canon EOS 550D,
Canon EOS 600D,
Canon EOS 650D,
Canon EOS 700D,
Canon EOS 750D,
Canon EOS 760D,
Canon EOS 1000D,
Canon EOS 1100D,
Canon EOS 1200D,
Canon EOS 1300D,
Canon EOS D30,
Canon EOS D60,
Canon EOS D2000,
Canon EOS D6000,
Canon EOS DCS 1,
Canon EOS DCS 3,
Canon EOS DCS 5,
Canon EF 8-15mm f/4L Fisheye USM,
Canon EF-S 10-22mm f/3.5-4.5 USM,
Canon EF-S 10-18mm f/4.5-5.6 IS STM,
Canon EF 11-24mm F/4L USM,
Canon EF 16-35mm f/2.8L III USM,
Canon EF 16-35 mm f/2.8L II USM,
Canon EF 16-35mm f/4L IS USM,
Canon EF 17-40 f/4L USM,
Canon EF-S 15-85mm f/3.5-5.6 IS USM,
Canon EF-S 17-55mm f/2.8 IS USM,
Canon EF-S 17-85mm f/4-5.6 IS USM,
Canon EF-S 18-55mm f/3.5-5.6 IS,
Canon EF-S 18-55mm f/3.5-5.6 IS II,
Canon EF-S 18-55mm f/3.5-5.6 IS STM,
Canon EF-S 18-135mm f/3.5-5.6 IS USM,
Canon EF-S 18-135mm f/3.5-5.6 IS STM,
Canon EF-S 18-135mm f/3.5-5.6 IS,
Canon EF 24-70 f/2.8L II USM,
Canon EF-S 18-200mm f/3.5-5.6 IS,
Canon EF 24-70mm f/4L IS USM,
Canon EF 24-105mm f/3.5-5.6 IS STM,
Canon EF 24-105mm f/4L IS II USM,
Canon EF 24-105mm f/4L IS USM,
Canon EF 28-135mm f/3.5-5.6 IS USM,
Canon EF-S 55-250mm f/4-5.6 IS STM,
Canon EF 28-300 f/3.5-5.6L IS USM,
Canon EF 70-200mm f/2.8L IS II USM,
Canon EF 70-200mm f/2.8L USM,
Canon EF 70-200mm f/4L USM,
Canon EF 70-200mm f/4L IS USM,
Canon EF 70-300mm f/4.5-5.6 DO IS USM, 
Canon EF 70-300mm f/4-5.6 IS II USM,
Canon EF 70-300mm f/4-5.6 IS USM,
Canon EF 70-300mm f/4-5.6L IS USM,
Canon EF 75-300mm f/4.0-5.6 III,
Canon EF 75-300mm f/4.0-5.6 III USM,
Canon EF 100-400mm f/4.5-5.6L IS II USM,
Canon EF 100-400mm f/4.5-5.6L IS USM,
Canon EF 14mm f/2.8L II USM,
Canon EF 20mm f/2.8 USM,
Canon EF 24mm f/1.4L II USM,
Canon EF 24mm f/2.8 IS USM,
Canon EF-S 24mm f/2.8 STM,
Canon EF 28mm f/2.8 IS USM,
Canon EF 35mm f/2 IS USM,
Canon EF 35mm f/1.4L II USM,
Canon EF 35mm f/1.4L USM,
Canon EF 50mm f/1.2L USM,
Canon EF 50mm f/1.4 USM,
Canon EF 50mm f/1.8 STM,
Canon EF 50mm f/1.8 II,
Canon EF 85mm f/1.2L II USM,
Canon EF 85mm f/1.8 USM,
Canon EF 100mm f/2 USM,
Canon EF 40mm f/2.8 STM,
Canon EF 135mm f/2.0L USM,
Canon EF 135mm f/2.8 with Softfocus,
Canon EF 200mm f/2L IS USM,
Canon EF 200mm f/2.8L II USM,
Canon EF 300mm f/4.0L IS USM,
Canon EF 300mm f/2.8L IS II USM,
Canon EF 200-400mm f/4L IS USM Extender 1.4X,
Canon EF 400mm f/2.8L IS II USM,
Canon EF 400mm f/4 DO IS II USM,
Canon EF 400mm f/5.6L USM,
Canon EF 500mm f/4L IS II USM,
Canon EF 600mm f/4L IS II USM,
Canon EF 800mm f/5.6L IS USM,
Canon EF-S 60mm f/2.8 Macro USM,
Canon EF 100mm f/2.8 Macro USM,
Canon EF 100mm f/2.8L Macro IS USM,
Canon EF 180mm f/3.5L Macro USM,
Canon MP-E 65mm f/2.8 1-5x Macro Photo,
Canon TS-E 17mm f/4L,
Canon TS-E 24mm f/3.5L II,
Canon TS-E 45mm f/2.8,
Canon TS-E 90mm f/2.8,
Canon EF-M 11-22mm f/4-5.6 IS STM,
Canon EF-M 22mm f/2 STM,
Canon EF-M 15-45mm f/3.5-6.3 IS STM,
Canon EF-M 18-55mm f3.5-5.6 IS STM,
Canon EF-M 28mm f/3.5 Macro IS STM,
Canon EF-M 18-150mm f/3.5-6.3 IS STM,
Canon EF-M 55-200mm f/4.5-6.3 IS STM,
Nikon AF-S DX NIKKOR 10-24mm F3.5-4.5G ED,
Nikon AF DX Fisheye-Nikkor 10.5mm f/2.8G ED,
Nikon AF-S DX Zoom-Nikkor 12-24mm f/4G IF-ED,
Nikon AF-S NIKKOR 14-24mm F2.8G ED,
Nikon AF Nikkor 14mm f/2.8D ED,
Nikon AF-S DX NIKKOR 16-85mm F3.5-5.6G ED VR,
Nikon AF-S DX NIKKOR 16-80mm f/2.8-4E ED VR,
Nikon AF-S NIKKOR 16-35mm f/4G ED VR,
Nikon AF Fisheye-Nikkor 16mm f/2.8D,
Nikon AF-S DX Zoom-Nikkor 17-55mm f/2.8G IF-ED,
Nikon AF-S Zoom-Nikkor 17-35mm f/2.8D IF-ED,
Nikon AF-S DX NIKKOR 18-300mm f/3.5-6.3G ED VR,
Nikon AF-S DX NIKKOR 18-300mm f/3.5-5.6G ED VR,
Nikon AF-S DX NIKKOR 18-200mm f/3.5-5.6G ED VR II,
Nikon AF-S DX NIKKOR 18-140mm f/3.5-5.6G ED VR,
Nikon AF-S DX NIKKOR 18-105mm f/3.5-5.6G ED VR,
Nikon AF-S DX Zoom-Nikkor 18-55mm f/3.5-5.6G ED II,
Nikon AF-P DX NIKKOR 18-55mm f/3.5-5.6G,
Nikon AF-S DX Zoom-Nikkor ED 18-55mm F3.5-5.6G,
Nikon AF-P DX NIKKOR 18-55mm f/3.5-5.6G VR,
Nikon AF-S DX NIKKOR 18-55mm f/3.5-5.6G VR II,
Nikon AF-S NIKKOR 18-35mm f/3.5-4.5G ED,
Nikon PC NIKKOR 19mm f/4E ED,
Nikon AF-S NIKKOR 20mm f/1.8G ED,
Nikon AF Nikkor 20mm f/2.8D,
Nikon NIKKOR 20mm f/2.8,
Nikon AF-S NIKKOR 24-120mm f/4G ED VR,
Nikon AF Zoom-NIKKOR 24-85mm f/2.8-4D IF,
Nikon AF-S NIKKOR 24-85mm f/3.5-4.5G ED VR,
Nikon AF-S NIKKOR 24-70mm F2.8G ED,
Nikon AF-S NIKKOR 24-70mm f/2.8E ED VR,
Nikon AF-S NIKKOR 24mm f/1.4G ED,
Nikon AF-S NIKKOR 4mm f/1.8G ED,
Nikon AF Nikkor 24mm f/2.8D,
Nikon NIKKOR 24mm f/2.8,
Nikon PC-E NIKKOR 24mm F3.5D ED,
Nikon AF-S NIKKOR 28-300mm f/3.5-5.6G ED VR,
Nikon AF-S NIKKOR 28mm f/1.8G,
Nikon AF Nikkor 28mm f/2.8D,
Nikon NIKKOR 28mm f/2.8,
Nikon NIKKOR 35mm f/1.4,
Nikon AF-S NIKKOR 35mm f/1.4G,
Nikon AF-S DX NIKKOR 35mm F1.8G,
Nikon AF-S NIKKOR 35mm f/1.8G ED,
Nikon AF NIKKOR 35mm f/2D,
Nikon AF-S DX Micro NIKKOR 40mm f/2.8G,
Nikon PC-E Micro NIKKOR 45mm f/2.8D ED,
Nikon NIKKOR 50mm f/1.2,
Nikon AF Nikkor 50mm f/1.4D,
Nikon AF-S NIKKOR 50mm F1.4G,
Nikon NIKKOR 50mm f/1.4,
Nikon AF Nikkor 50mm f/1.8D,
Nikon AF-S NIKKOR 50mm f/1.8G,
Nikon AF-S NIKKOR 50mm f/1.8G Special Edition,
Nikon AF-S DX NIKKOR 55-300mm f/4.5-5.6G ED VR,
Nikon AF-S DX Zoom-NIKKOR 55-200mm f/4-5.6G ED,
Nikon AF-S DX VR Zoom-Nikkor ED 55-200mm F4-5.6G,
Nikon AF-S DX NIKKOR 55-200mm f/4-5.6G ED VR II,
Nikon Micro-NIKKOR 55mm f/2.8,
Nikon AF-S NIKKOR 58mm f/1.4G,
Nikon AF Micro-Nikkor 60mm f/2.8D,
Nikon AF-S Micro Nikkor 60mm f/2.8G ED,
Nikon AF Zoom-NIKKOR 70-300mm f/4-5.6G,
Nikon AF-P DX NIKKOR 70-300mm f/4.5-6.3G ED,
Nikon AF-P DX NIKKOR 70-300mm f/4.5-6.3G ED VR,
Nikon AF-S VR Zoom-Nikkor 70-300mm f/4.5-5.6G IF-ED,
Nikon AF-S NIKKOR 70-200mm f/2.8G ED VR II,
Nikon AF-S NIKKOR 70-200mm f/2.8E FL ED VR,
Nikon AF-S NIKKOR 70-200mm f/4G ED VR,
Nikon AF VR Zoom-NIKKOR 80-400mm f/4.5-5.6D ED,
Nikon AF-S NIKKOR 80-400mm f/4.5-5.6 G ED VR,
Nikon AF Zoom-NIKKOR 80-200mm f/2.8D ED,
Nikon AF-S NIKKOR 85mm f/1.4G,
Nikon AF-S NIKKOR 85mm f/1.8G,
Nikon PC-E Micro NIKKOR 85mm f/2.8D,
Nikon AF-S DX Micro NIKKOR 85mm f/3.5G ED VR,
Nikon AF-S NIKKOR 105mm f/1.4E ED,
Nikon AF DC-NIKKOR 105mm f/2D,
Nikon Micro-NIKKOR 105mm f/2.8,
Nikon AF-S VR Micro-Nikkor 105mm f/2.8G IF-ED,
Nikon AF DC-NIKKOR 135mm f/2D,
Nikon AF Nikkor 180mm f/2.8D IF-ED,
Nikon AF-S NIKKOR 200-500mm f/5.6E ED VR,
Nikon AF-S NIKKOR 200-400mm f/4G ED VR II,
Nikon AF-S NIKKOR 200mm f/2G ED VR II,
Nikon AF Micro-Nikkor 200mm f/4D IF-ED,
Nikon AF-S NIKKOR 300mm F2.8G ED VR II,
Nikon AF-S Nikkor 300mm f/4D IF-ED,
Nikon AF-S NIKKOR 300mm f/4E PF ED VR,
Nikon AF-S NIKKOR 400mm F2.8G ED VR,
Nikon AF-S NIKKOR 400mm f/2.8E FL ED VR,
Nikon AF-S NIKKOR 500mm F4G ED VR,
Nikon AF-S NIKKOR 500mm f/4E FL ED VR,
Nikon AF-S NIKKOR 600mm F4G ED VR,
Nikon AF-S NIKKOR 600mm f/4E FL ED VR,
Nikon AF-S NIKKOR 800mm f/5.6E FL ED VR,

	
